INSERT INTO offices(office_code, name) VALUES
('001', '北海道'),
  ('002', '青森県'),
  ('003', '岩手県'),
  ('004', '宮城県'),
  ('005', '秋田県'),
  ('006', '山形県'),
  ('007', '福島県'),
  ('008', '茨城県'),
  ('009', '栃木県'),
  ('010', '群馬県'),
  ('011', '埼玉県'),
  ('012', '千葉県'),
  ('013', '東京都'),
  ('014', '神奈川県'),
  ('015', '新潟県'),
  ('016', '富山県'),
  ('017', '石川県'),
  ('018', '福井県'),
  ('019', '山梨県'),
  ('020', '長野県'),
  ('021', '岐阜県'),
  ('022', '静岡県'),
  ('023', '愛知県'),
  ('024', '三重県'),
  ('025', '滋賀県'),
  ('026', '京都府'),
  ('027', '大阪府'),
  ('028', '兵庫県'),
  ('029', '奈良県'),
  ('030', '和歌山県'),
  ('031', '鳥取県'),
  ('032', '島根県'),
  ('033', '岡山県'),
  ('034', '広島県'),
  ('035', '山口県'),
  ('036', '徳島県'),
  ('037', '香川県'),
  ('038', '愛媛県'),
  ('039', '高知県'),
  ('040', '福岡県'),
  ('041', '佐賀県'),
  ('042', '長崎県'),
  ('043', '熊本県'),
  ('044', '大分県'),
  ('045', '宮崎県'),
  ('046', '鹿児島県'),
  ('047', '沖縄県');

INSERT INTO branches(office_code, branch_code, name) VALUES
  ('001', '01', '札幌中央'),
  ('001', '02', '札幌北'),
  ('001', '03', '札幌南'),
  ('001', '04', '札幌西'),
  ('001', '05', '札幌白石'),
  ('001', '06', '札幌豊平'),
  ('001', '07', '札幌清田'),
  ('001', '08', '札幌手稲'),
  ('001', '09', '札幌厚別'),
  ('001', '10', '札幌東'),
  ('001', '11', '函館'),
  ('001', '12', '小樽'),
  ('001', '13', '旭川'),
  ('001', '14', '室蘭'), 
  ('001', '15', '釧路'),
  ('001', '16', '帯広'), 
  ('001', '17', '北見'), 
  ('001', '18', '夕張'), 
  ('001', '19', '岩見沢'), 
  ('001', '20', '網走'),
  ('001', '21', '留萌'), 
  ('001', '22', '苫小牧'), 
  ('001', '23', '稚内'), 
  ('001', '24', '美唄'), 
  ('001', '25', '芦別'),
  ('001', '26', '江別'), 
  ('001', '27', '赤平'), 
  ('001', '28', '紋別'), 
  ('001', '29', '士別'), 
  ('001', '30', '名寄'),
  ('001', '31', '三笠'), 
  ('001', '32', '根室'), 
  ('001', '33', '千歳'), 
  ('001', '34', '滝川'), 
  ('001', '35', '砂川'),
  ('001', '36', '歌志内'), 
  ('001', '37', '深川'), 
  ('001', '38', '富良野'), 
  ('001', '39', '登別'), 
  ('001', '40', '恵庭'),
  ('002', '01', '青森'), 
  ('002', '02', '弘前'), 
  ('002', '03', '八戸'), 
  ('002', '04', '黒石'), 
  ('002', '05', '五所川原'),
  ('002', '06', '十和田'), 
  ('002', '07', '三沢'), 
  ('002', '08', 'むつ'), 
  ('002', '09', 'つがる'), 
  ('002', '10', '平川'),
  ('002', '11', '野辺地'), 
  ('002', '12', '七戸'), 
  ('002', '13', '六戸'), 
  ('002', '14', '横浜町'), 
  ('002', '15', '東北町'),
  ('003', '01', '盛岡'), 
  ('003', '02', '宮古'), 
  ('003', '03', '大船渡'), 
  ('003', '04', '花巻'), 
  ('003', '05', '北上'),
  ('003', '06', '久慈'), 
  ('003', '07', '遠野'), 
  ('003', '08', '一関'), 
  ('003', '09', '陸前高田'), 
  ('003', '10', '釜石'),
  ('003', '11', '二戸'), 
  ('003', '12', '八幡平'), 
  ('003', '13', '奥州'), 
  ('003', '14', '滝沢'), 
  ('003', '15', '雫石'),
  ('004', '01', '仙台青葉'), 
  ('004', '02', '仙台宮城野'), 
  ('004', '03', '仙台若林'), 
  ('004', '04', '仙台太白'), 
  ('004', '05', '仙台泉'),
  ('004', '06', '石巻'), 
  ('004', '07', '塩竈'), 
  ('004', '08', '気仙沼'), 
  ('004', '09', '白石'), 
  ('004', '10', '名取'),
  ('004', '11', '角田'), 
  ('004', '12', '多賀城'), 
  ('004', '13', '岩沼'), 
  ('004', '14', '登米'), 
  ('004', '15', '栗原'),
  ('004', '16', '東松島'), 
  ('004', '17', '大崎'), 
  ('004', '18', '富谷'), 
  ('004', '19', '蔵王'), 
  ('004', '20', '七ヶ宿'),
  ('004', '21', '大河原'), 
  ('004', '22', '村田'), 
  ('004', '23', '柴田'), 
  ('004', '24', '川崎町'), 
  ('004', '25', '丸森'),
  ('005', '01', '秋田'), 
  ('005', '02', '能代'), 
  ('005', '03', '横手'), 
  ('005', '04', '大館'), 
  ('005', '05', '男鹿'),
  ('005', '06', '湯沢'), 
  ('005', '07', '鹿角'), 
  ('005', '08', '由利本荘'),
  ('005', '09', '潟上'), 
  ('005', '10', '大仙'),
  ('005', '11', '北秋田'), 
  ('005', '12', 'にかほ'), 
  ('005', '13', '仙北'), 
  ('005', '14', '小坂'), 
  ('005', '15', '上小阿仁'),
  ('006', '01', '山形'), 
  ('006', '02', '米沢'), 
  ('006', '03', '鶴岡'), 
  ('006', '04', '酒田'), 
  ('006', '05', '新庄'),
  ('006', '06', '寒河江'), 
  ('006', '07', '上山'), 
  ('006', '08', '村山'),
  ('006', '09', '長井'), 
  ('006', '10', '天童'),
  ('006', '11', '東根'), 
  ('006', '12', '尾花沢'), 
  ('006', '13', '南陽'), 
  ('006', '14', '山辺'), 
  ('006', '15', '中山'),
  ('007', '01', '福島'), 
  ('007', '02', '会津若松'), 
  ('007', '03', '郡山'), 
  ('007', '04', 'いわき'), 
  ('007', '05', '白河'),
  ('007', '06', '須賀川'), 
  ('007', '07', '喜多方'), 
  ('007', '08', '相馬'), 
  ('007', '09', '二本松'), 
  ('007', '10', '田村'),
  ('007', '11', '南相馬'), 
  ('007', '12', '伊達'), 
  ('007', '13', '本宮'), 
  ('007', '14', '桑折'), 
  ('007', '15', '国見'),
  ('007', '16', '川俣'), 
  ('007', '17', '大玉'), 
  ('007', '18', '鏡石'), 
  ('007', '19', '天栄'), 
  ('007', '20', '下郷'),
  ('008', '01', '水戸'), 
  ('008', '02', '日立'), 
  ('008', '03', '土浦'), 
  ('008', '04', '古河'), 
  ('008', '05', '石岡'),
  ('008', '06', '結城'), 
  ('008', '07', '龍ヶ崎'), 
  ('008', '08', '下妻'), 
  ('008', '09', '常総'), 
  ('008', '10', '常陸太田'),
  ('008', '11', '高萩'), 
  ('008', '12', '北茨城'), 
  ('008', '13', '笠間'), 
  ('008', '14', '取手'), 
  ('008', '15', '牛久'),
  ('008', '16', 'つくば'), 
  ('008', '17', 'ひたちなか'), 
  ('008', '18', '鹿嶋'), 
  ('008', '19', '潮来'), 
  ('008', '20', '守谷'),
  ('008', '21', '常陸大宮'), 
  ('008', '22', '那珂'), 
  ('008', '23', '筑西'), 
  ('008', '24', '坂東'), 
  ('008', '25', '稲敷'),
  ('009', '01', '宇都宮'), 
  ('009', '02', '足利'), 
  ('009', '03', '栃木'), 
  ('009', '04', '佐野'), 
  ('009', '05', '鹿沼'),
  ('009', '06', '日光'), 
  ('009', '07', '小山'), 
  ('009', '08', '真岡'), 
  ('009', '09', '大田原'), 
  ('009', '10', '矢板'),
  ('009', '11', '那須塩原'), 
  ('009', '12', 'さくら'), 
  ('009', '13', '那須烏山'), 
  ('009', '14', '下野'), 
  ('009', '15', '上三川'),
  ('009', '16', '益子'), 
  ('009', '17', '茂木'), 
  ('009', '18', '市貝'), 
  ('009', '19', '芳賀'), 
  ('009', '20', '壬生'),
  ('010', '01', '前橋'), 
  ('010', '02', '高崎'), 
  ('010', '03', '桐生'), 
  ('010', '04', '伊勢崎'), 
  ('010', '05', '太田'),
  ('010', '06', '沼田'), 
  ('010', '07', '館林'), 
  ('010', '08', '渋川'), 
  ('010', '09', '藤岡'), 
  ('010', '10', '富岡'),
  ('010', '11', '安中'), 
  ('010', '12', 'みどり'), 
  ('010', '13', '榛東'), 
  ('010', '14', '吉岡'), 
  ('010', '15', '上野'),
  ('010', '16', '神流'), 
  ('010', '17', '下仁田'), 
  ('010', '18', '南牧'), 
  ('010', '19', '甘楽'), 
  ('010', '20', '中之条'),
  ('011', '01', '大宮'), 
  ('011', '02', '浦和'), 
  ('011', '03', '岩槻'), 
  ('011', '04', '見沼'), 
  ('011', '05', '桜区'),
  ('011', '06', '川越'), 
  ('011', '07', '熊谷'), 
  ('011', '08', '川口'), 
  ('011', '09', '行田'), 
  ('011', '10', '秩父'),
  ('011', '11', '所沢'), 
  ('011', '12', '飯能'), 
  ('011', '13', '加須'), 
  ('011', '14', '本庄'), 
  ('011', '15', '東松山'),
  ('011', '16', '春日部'), 
  ('011', '17', '狭山'), 
  ('011', '18', '羽生'), 
  ('011', '19', '鴻巣'), 
  ('011', '20', '深谷'),
  ('011', '21', '上尾'), 
  ('011', '22', '草加'), 
  ('011', '23', '越谷'), 
  ('011', '24', '蕨'), 
  ('011', '25', '戸田'),
  ('011', '26', '入間'), 
  ('011', '27', '朝霞'), 
  ('011', '28', '志木'), 
  ('011', '29', '和光'), 
  ('011', '30', '新座'),
  ('011', '31', '桶川'), 
  ('011', '32', '久喜'), 
  ('011', '33', '北本'), 
  ('011', '34', '八潮'), 
  ('011', '35', '富士見'),
  ('011', '36', '三郷'), 
  ('011', '37', '蓮田'), 
  ('011', '38', '坂戸'), 
  ('011', '39', '幸手'), 
  ('011', '40', '鶴ヶ島'),
  ('012', '01', '千葉中央'), 
  ('012', '02', '千葉花見川'), 
  ('012', '03', '千葉稲毛'), 
  ('012', '04', '千葉若葉'), 
  ('012', '05', '千葉緑'),
  ('012', '06', '千葉美浜'), 
  ('012', '07', '銚子'), 
  ('012', '08', '市川'), 
  ('012', '09', '船橋'), 
  ('012', '10', '館山'),
  ('012', '11', '木更津'), 
  ('012', '12', '松戸'), 
  ('012', '13', '野田'), 
  ('012', '14', '茂原'), 
  ('012', '15', '成田'),
  ('012', '16', '佐倉'), 
  ('012', '17', '東金'), 
  ('012', '18', '旭'), 
  ('012', '19', '習志野'), 
  ('012', '20', '柏'),
  ('012', '21', '勝浦'), 
  ('012', '22', '市原'), 
  ('012', '23', '流山'), 
  ('012', '24', '八千代'), 
  ('012', '25', '我孫子'),
  ('012', '26', '鴨川'), 
  ('012', '27', '鎌ケ谷'), 
  ('012', '28', '君津'), 
  ('012', '29', '富津'), 
  ('012', '30', '浦安'),
  ('012', '31', '四街道'), 
  ('012', '32', '袖ケ浦'), 
  ('012', '33', '八街'), 
  ('012', '34', '印西'), 
  ('012', '35', '白井'),
  ('012', '36', '富里'), 
  ('012', '37', '南房総'), 
  ('012', '38', '匝瑳'), 
  ('012', '39', '香取'), 
  ('012', '40', '山武'),
  ('013', '01', '千代田'), 
  ('013', '02', '中央'), 
  ('013', '03', '港'), 
  ('013', '04', '新宿'), 
  ('013', '05', '文京'),
  ('013', '06', '台東'), 
  ('013', '07', '墨田'), 
  ('013', '08', '江東'), 
  ('013', '09', '品川'), 
  ('013', '10', '目黒'),
  ('013', '11', '大田'), 
  ('013', '12', '世田谷'), 
  ('013', '13', '渋谷'), 
  ('013', '14', '中野'), 
  ('013', '15', '杉並'),
  ('013', '16', '豊島'), 
  ('013', '17', '北'), 
  ('013', '18', '荒川'), 
  ('013', '19', '板橋'), 
  ('013', '20', '練馬'),
  ('013', '21', '足立'), 
  ('013', '22', '葛飾'), 
  ('013', '23', '江戸川'), 
  ('013', '24', '八王子'), 
  ('013', '25', '立川'),
  ('013', '26', '武蔵野'), 
  ('013', '27', '三鷹'), 
  ('013', '28', '青梅'), 
  ('013', '29', '府中'), 
  ('013', '30', '昭島'),
  ('013', '31', '調布'), 
  ('013', '32', '町田'), 
  ('013', '33', '小金井'), 
  ('013', '34', '小平'), 
  ('013', '35', '日野'),
  ('013', '36', '東村山'), 
  ('013', '37', '国分寺'), 
  ('013', '38', '国立'), 
  ('013', '39', '福生'), 
  ('013', '40', '狛江'),
  ('013', '41', '東大和'), 
  ('013', '42', '清瀬'), 
  ('013', '43', '東久留米'), 
  ('013', '44', '武蔵村山'), 
  ('013', '45', '多摩'),
  ('013', '46', '稲城'), 
  ('013', '47', '羽村'), 
  ('013', '48', 'あきる野'), 
  ('013', '49', '西東京'), 
  ('013', '50', '瑞穂'),
  ('013', '51', '日の出'), 
  ('013', '52', '檜原'), 
  ('013', '53', '奥多摩'), 
  ('013', '54', '大島'), 
  ('013', '55', '利島'),
  ('013', '56', '新島'), 
  ('013', '57', '神津島'), 
  ('013', '58', '三宅'), 
  ('013', '59', '御蔵島'), 
  ('013', '60', '八丈'),
  ('014', '01', '横浜鶴見'), 
  ('014', '02', '横浜神奈川'), 
  ('014', '03', '横浜西'), 
  ('014', '04', '横浜中'), 
  ('014', '05', '横浜南'),
  ('014', '06', '横浜保土ケ谷'), 
  ('014', '07', '横浜磯子'), 
  ('014', '08', '横浜金沢'), 
  ('014', '09', '横浜港北'), 
  ('014', '10', '横浜戸塚'),
  ('014', '11', '横浜港南'), 
  ('014', '12', '横浜旭'), 
  ('014', '13', '横浜緑'), 
  ('014', '14', '横浜瀬谷'), 
  ('014', '15', '横浜栄'),
  ('014', '16', '横浜泉'), 
  ('014', '17', '横浜青葉'), 
  ('014', '18', '横浜都筑'), 
  ('014', '19', '川崎川崎'), 
  ('014', '20', '川崎幸'),
  ('014', '21', '川崎中原'), 
  ('014', '22', '川崎高津'), 
  ('014', '23', '川崎多摩'), 
  ('014', '24', '川崎宮前'), 
  ('014', '25', '川崎麻生'),
  ('014', '26', '相模原緑'), 
  ('014', '27', '相模原中央'), 
  ('014', '28', '相模原南'), 
  ('014', '29', '横須賀'), 
  ('014', '30', '平塚'),
  ('014', '31', '鎌倉'), 
  ('014', '32', '藤沢'), 
  ('014', '33', '小田原'), 
  ('014', '34', '茅ヶ崎'), 
  ('014', '35', '逗子'),
  ('014', '36', '三浦'), 
  ('014', '37', '秦野'), 
  ('014', '38', '厚木'), 
  ('014', '39', '大和'), 
  ('014', '40', '伊勢原'),
  ('015', '01', '新潟中央'), 
  ('015', '02', '新潟北'), 
  ('015', '03', '新潟東'), 
  ('015', '04', '新潟江南'), 
  ('015', '05', '新潟秋葉'),
  ('015', '06', '新潟南'), 
  ('015', '07', '新潟西'), 
  ('015', '08', '新潟西蒲'), 
  ('015', '09', '長岡'), 
  ('015', '10', '三条'),
  ('015', '11', '柏崎'), 
  ('015', '12', '新発田'), 
  ('015', '13', '小千谷'), 
  ('015', '14', '加茂'), 
  ('015', '15', '十日町'),
  ('015', '16', '見附'), 
  ('015', '17', '村上'), 
  ('015', '18', '燕'), 
  ('015', '19', '糸魚川'), 
  ('015', '20', '妙高'),
  ('016', '01', '富山'), 
  ('016', '02', '高岡'), 
  ('016', '03', '魚津'), 
  ('016', '04', '氷見'), 
  ('016', '05', '滑川'),
  ('016', '06', '黒部'), 
  ('016', '07', '砺波'), 
  ('016', '08', '小矢部'), 
  ('016', '09', '南砺'), 
  ('016', '10', '射水'),
  ('016', '11', '舟橋'), 
  ('016', '12', '上市'), 
  ('016', '13', '立山'), 
  ('016', '14', '入善'), 
  ('016', '15', '朝日'),
  ('017', '01', '金沢'), 
  ('017', '02', '七尾'), 
  ('017', '03', '小松'), 
  ('017', '04', '輪島'), 
  ('017', '05', '珠洲'),
  ('017', '06', '加賀'), 
  ('017', '07', '羽咋'), 
  ('017', '08', 'かほく'), 
  ('017', '09', '白山'), 
  ('017', '10', '能美'),
  ('017', '11', '野々市'), 
  ('017', '12', '能登'), 
  ('017', '13', '穴水'), 
  ('017', '14', '内灘'), 
  ('017', '15', '津幡'),
  ('018', '01', '福井'), 
  ('018', '02', '敦賀'), 
  ('018', '03', '小浜'), 
  ('018', '04', '大野'), 
  ('018', '05', '勝山'),
  ('018', '06', '鯖江'), 
  ('018', '07', 'あわら'), 
  ('018', '08', '越前'), 
  ('018', '09', '坂井'), 
  ('018', '10', '永平寺'),
  ('018', '11', '池田'), 
  ('018', '12', '南越前'), 
  ('018', '13', '越前町'), 
  ('018', '14', '美浜'), 
  ('018', '15', '高浜'),
  ('019', '01', '甲府'), 
  ('019', '02', '富士吉田'), 
  ('019', '03', '都留'), 
  ('019', '04', '山梨'), 
  ('019', '05', '大月'),
  ('019', '06', '韮崎'), 
  ('019', '07', '南アルプス'), 
  ('019', '08', '北杜'), 
  ('019', '09', '甲斐'), 
  ('019', '10', '笛吹'),
  ('019', '11', '上野原'), 
  ('019', '12', '甲州市'), 
  ('019', '13', '中央'), 
  ('019', '14', '市川三郷'), 
  ('019', '15', '早川'),
  ('020', '01', '長野'), 
  ('020', '02', '松本'), 
  ('020', '03', '上田'), 
  ('020', '04', '岡谷'), 
  ('020', '05', '飯田'),
  ('020', '06', '諏訪'), 
  ('020', '07', '須坂'), 
  ('020', '08', '小諸'), 
  ('020', '09', '伊那'), 
  ('020', '10', '駒ヶ根'),
  ('020', '11', '中野'), 
  ('020', '12', '大町'), 
  ('020', '13', '飯山'), 
  ('020', '14', '茅野'), 
  ('020', '15', '塩尻'),
  ('020', '16', '千曲'), 
  ('020', '17', '東御'), 
  ('020', '18', '安曇野'), 
  ('020', '19', '小海'), 
  ('020', '20', '川上'),
  ('021', '01', '岐阜'), 
  ('021', '02', '大垣'), 
  ('021', '03', '高山'), 
  ('021', '04', '多治見'), 
  ('021', '05', '関'),
  ('021', '06', '中津川'), 
  ('021', '07', '美濃'), 
  ('021', '08', '瑞浪'), 
  ('021', '09', '羽島'), 
  ('021', '10', '恵那'),
  ('021', '11', '美濃加茂'), 
  ('021', '12', '土岐'), 
  ('021', '13', '各務原'), 
  ('021', '14', '可児'), 
  ('021', '15', '山県'),
  ('021', '16', '瑞穂'), 
  ('021', '17', '飛騨'), 
  ('021', '18', '本巣'), 
  ('021', '19', '郡上'), 
  ('021', '20', '下呂'),
  ('022', '01', '静岡葵'), 
  ('022', '02', '静岡駿河'), 
  ('022', '03', '静岡清水'), 
  ('022', '04', '浜松中央'), 
  ('022', '05', '浜松浜名'),
  ('022', '06', '浜松天竜'), 
  ('022', '07', '沼津'), 
  ('022', '08', '熱海'), 
  ('022', '09', '三島'), 
  ('022', '10', '富士宮'),
  ('022', '11', '伊東'), 
  ('022', '12', '島田'), 
  ('022', '13', '富士'), 
  ('022', '14', '磐田'), 
  ('022', '15', '焼津'),
  ('022', '16', '掛川'), 
  ('022', '17', '藤枝'), 
  ('022', '18', '御殿場'), 
  ('022', '19', '袋井'), 
  ('022', '20', '下田'),
  ('022', '21', '裾野'), 
  ('022', '22', '湖西'), 
  ('022', '23', '伊豆'), 
  ('022', '24', '御前崎'), 
  ('022', '25', '菊川'),
  ('022', '26', '伊豆の国'), 
  ('022', '27', '牧之原'), 
  ('022', '28', '東伊豆'), 
  ('022', '29', '河津'), 
  ('022', '30', '南伊豆'),
  ('023', '01', '名古屋千種'), 
  ('023', '02', '名古屋東'), 
  ('023', '03', '名古屋北'), 
  ('023', '04', '名古屋西'), 
  ('023', '05', '名古屋中村'),
  ('023', '06', '名古屋中'), 
  ('023', '07', '名古屋昭和'), 
  ('023', '08', '名古屋瑞穂'), 
  ('023', '09', '名古屋熱田'), 
  ('023', '10', '名古屋中川'),
  ('023', '11', '名古屋港'), 
  ('023', '12', '名古屋南'), 
  ('023', '13', '名古屋守山'), 
  ('023', '14', '名古屋緑'), 
  ('023', '15', '名古屋名東'),
  ('023', '16', '名古屋天白'), 
  ('023', '17', '豊橋'), 
  ('023', '18', '岡崎'), 
  ('023', '19', '一宮'), 
  ('023', '20', '瀬戸'),
  ('023', '21', '半田'), 
  ('023', '22', '春日井'), 
  ('023', '23', '豊川'), 
  ('023', '24', '津島'), 
  ('023', '25', '碧南'),
  ('023', '26', '刈谷'), 
  ('023', '27', '豊田'), 
  ('023', '28', '安城'), 
  ('023', '29', '西尾'), 
  ('023', '30', '蒲郡'),
  ('023', '31', '犬山'), 
  ('023', '32', '常滑'), 
  ('023', '33', '江南'), 
  ('023', '34', '小牧'), 
  ('023', '35', '稲沢'),
  ('023', '36', '新城'), 
  ('023', '37', '東海'), 
  ('023', '38', '大府'), 
  ('023', '39', '知多'), 
  ('023', '40', '知立'),
  ('023', '41', '尾張旭'), 
  ('023', '42', '高浜'), 
  ('023', '43', '岩倉'), 
  ('023', '44', '豊明'), 
  ('023', '45', '日進'),
  ('023', '46', '田原'), 
  ('023', '47', '愛西'), 
  ('023', '48', '清須'), 
  ('023', '49', '北名古屋'), 
  ('023', '50', '弥富'),
  ('024', '01', '津'), 
  ('024', '02', '四日市'), 
  ('024', '03', '伊勢'), 
  ('024', '04', '松阪'), 
  ('024', '05', '桑名'),
  ('024', '06', '鈴鹿'), 
  ('024', '07', '名張'), 
  ('024', '08', '尾鷲'), 
  ('024', '09', '亀山'), 
  ('024', '10', '鳥羽'),
  ('024', '11', '熊野'), 
  ('024', '12', 'いなべ'), 
  ('024', '13', '志摩'), 
  ('024', '14', '伊賀'), 
  ('024', '15', '木曽岬'),
  ('025', '01', '大津'), 
  ('025', '02', '彦根'), 
  ('025', '03', '長浜'), 
  ('025', '04', '近江八幡'), 
  ('025', '05', '草津'),
  ('025', '06', '守山'), 
  ('025', '07', '栗東'), 
  ('025', '08', '甲賀'), 
  ('025', '09', '野洲'), 
  ('025', '10', '湖南'),
  ('025', '11', '高島'), 
  ('025', '12', '東近江'), 
  ('025', '13', '米原'), 
  ('025', '14', '日野'), 
  ('025', '15', '竜王'),
  ('026', '01', '京都北山'), 
  ('026', '02', '京都上京'), 
  ('026', '03', '京都左京'), 
  ('026', '04', '京都中京'), 
  ('026', '05', '京都東山'),
  ('026', '06', '京都下京'), 
  ('026', '07', '京都南'), 
  ('026', '08', '京都右京'), 
  ('026', '09', '京都伏見'), 
  ('026', '10', '京都山科'),
  ('026', '11', '京都西京'), 
  ('026', '12', '福知山'), 
  ('026', '13', '舞鶴'), 
  ('026', '14', '綾部'), 
  ('026', '15', '宇治'),
  ('026', '16', '宮津'), 
  ('026', '17', '亀岡'), 
  ('026', '18', '城陽'), 
  ('026', '19', '向日'), 
  ('026', '20', '長岡京'),
  ('026', '21', '八幡'), 
  ('026', '22', '京田辺'), 
  ('026', '23', '京丹後'), 
  ('026', '24', '南丹'), 
  ('026', '25', '木津川'),
  ('027', '01', '大阪都島'), 
  ('027', '02', '大阪福島'), 
  ('027', '03', '大阪此花'), 
  ('027', '04', '大阪西'), 
  ('027', '05', '大阪港'),
  ('027', '06', '大阪大正'), 
  ('027', '07', '大阪天王寺'), 
  ('027', '08', '大阪浪速'), 
  ('027', '09', '大阪西淀川'), 
  ('027', '10', '大阪東淀川'),
  ('027', '11', '大阪東成'), 
  ('027', '12', '大阪生野'), 
  ('027', '13', '大阪旭'), 
  ('027', '14', '大阪城東'), 
  ('027', '15', '大阪阿倍野'),
  ('027', '16', '大阪住之江'), 
  ('027', '17', '大阪住吉'), 
  ('027', '18', '大阪東住吉'), 
  ('027', '19', '大阪平野'), 
  ('027', '20', '大阪西成'),
  ('027', '21', '大阪淀川'), 
  ('027', '22', '大阪鶴見'), 
  ('027', '23', '大阪城南'), 
  ('027', '24', '大阪北'), 
  ('027', '25', '大阪中央'),
  ('027', '26', '堺堺'), 
  ('027', '27', '堺中'), 
  ('027', '28', '堺東'), 
  ('027', '29', '堺西'), 
  ('027', '30', '堺南'),
  ('027', '31', '堺北'), 
  ('027', '32', '堺美原'), 
  ('027', '33', '岸和田'), 
  ('027', '34', '豊中'), 
  ('027', '35', '池田'),
  ('027', '36', '吹田'), 
  ('027', '37', '泉大津'), 
  ('027', '38', '高槻'), 
  ('027', '39', '貝塚'), 
  ('027', '40', '守口'),
  ('027', '41', '枚方'), 
  ('027', '42', '茨木'), 
  ('027', '43', '八尾'), 
  ('027', '44', '泉佐野'), 
  ('027', '45', '富田林'),
  ('027', '46', '寝屋川'), 
  ('027', '47', '河内長野'), 
  ('027', '48', '松原'), 
  ('027', '49', '大東'), 
  ('027', '50', '和泉'),
  ('027', '51', '箕面'), 
  ('027', '52', '柏原'), 
  ('027', '53', '羽曳野'), 
  ('027', '54', '門真'), 
  ('027', '55', '摂津'),
  ('027', '56', '高石'), 
  ('027', '57', '藤井寺'), 
  ('027', '58', '東大阪'), 
  ('027', '59', '泉南'), 
  ('027', '60', '四條畷'),
  ('028', '01', '神戸東灘'), 
  ('028', '02', '神戸灘'), 
  ('028', '03', '神戸兵庫'), 
  ('028', '04', '神戸長田'), 
  ('028', '05', '神戸須磨'),
  ('028', '06', '神戸垂水'), 
  ('028', '07', '神戸北'), 
  ('028', '08', '神戸中央'), 
  ('028', '09', '神戸西'), 
  ('028', '10', '姫路'),
  ('028', '11', '尼崎'), 
  ('028', '12', '明石'), 
  ('028', '13', '西宮'), 
  ('028', '14', '洲本'), 
  ('028', '15', '芦屋'),
  ('028', '16', '伊丹'), 
  ('028', '17', '相生'), 
  ('028', '18', '豊岡'), 
  ('028', '19', '加古川'), 
  ('028', '20', '赤穂'),
  ('028', '21', '西脇'), 
  ('028', '22', '宝塚'), 
  ('028', '23', '三木'), 
  ('028', '24', '高砂'), 
  ('028', '25', '川西'),
  ('028', '26', '小野'), 
  ('028', '27', '三田'), 
  ('028', '28', '加西'), 
  ('028', '29', '丹波篠山'), 
  ('028', '30', '養父'),
  ('028', '31', '丹波'), 
  ('028', '32', '南あわじ'), 
  ('028', '33', '朝来'), 
  ('028', '34', '淡路'), 
  ('028', '35', '宍粟'),
  ('028', '36', '加東'), 
  ('028', '37', 'たつの'), 
  ('028', '38', '猪名川'), 
  ('028', '39', '多可'), 
  ('028', '40', '稲美'),
  ('029', '01', '奈良'), 
  ('029', '02', '大和高田'), 
  ('029', '03', '大和郡山'), 
  ('029', '04', '天理'), 
  ('029', '05', '橿原'),
  ('029', '06', '桜井'), 
  ('029', '07', '五條'), 
  ('029', '08', '御所'), 
  ('029', '09', '生駒'), 
  ('029', '10', '香芝'),
  ('029', '11', '葛城'), 
  ('029', '12', '宇陀'), 
  ('029', '13', '山添'), 
  ('029', '14', '平群'), 
  ('029', '15', '三郷町'),
  ('030', '01', '和歌山'), 
  ('030', '02', '海南'), 
  ('030', '03', '橋本'), 
  ('030', '04', '有田'), 
  ('030', '05', '御坊'),
  ('030', '06', '田辺'), 
  ('030', '07', '新宮'), 
  ('030', '08', '紀の川'), 
  ('030', '09', '岩出'), 
  ('030', '10', '紀美野'),
  ('030', '11', 'かつらぎ'), 
  ('030', '12', '九度山'), 
  ('030', '13', '高野'), 
  ('030', '14', '湯浅'), 
  ('030', '15', '広川'),
  ('031', '01', '鳥取'), 
  ('031', '02', '米子'), 
  ('031', '03', '倉吉'), 
  ('031', '04', '境港'), 
  ('031', '05', '岩美'),
  ('031', '06', '若桜'), 
  ('031', '07', '智頭'), 
  ('031', '08', '八頭'), 
  ('031', '09', '三朝'), 
  ('031', '10', '湯梨浜'),
  ('032', '01', '松江'), 
  ('032', '02', '浜田'), 
  ('032', '03', '出雲'), 
  ('032', '04', '益田'), 
  ('032', '05', '大田'),
  ('032', '06', '安来'), 
  ('032', '07', '江津'), 
  ('032', '08', '雲南'), 
  ('032', '09', '奥出雲'), 
  ('032', '10', '飯南'),
  ('033', '01', '岡山北'), 
  ('033', '02', '岡山中'), 
  ('033', '03', '岡山東'), 
  ('033', '04', '岡山南'), 
  ('033', '05', '倉敷'),
  ('033', '06', '津山'), 
  ('033', '07', '玉野'), 
  ('033', '08', '笠岡'), 
  ('033', '09', '井原'), 
  ('033', '10', '総社'),
  ('033', '11', '高梁'), 
  ('033', '12', '新見'), 
  ('033', '13', '備前'), 
  ('033', '14', '瀬戸内'), 
  ('033', '15', '赤磐'),
  ('033', '16', '真庭'), 
  ('033', '17', '美作'), 
  ('033', '18', '浅口'), 
  ('033', '19', '和気'), 
  ('033', '20', '早島'),
  ('034', '01', '広島中'), 
  ('034', '02', '広島東'), 
  ('034', '03', '広島南'), 
  ('034', '04', '広島西'), 
  ('034', '05', '広島安佐南'),
  ('034', '06', '広島安佐北'), 
  ('034', '07', '広島安芸'), 
  ('034', '08', '広島佐伯'), 
  ('034', '09', '呉'), 
  ('034', '10', '竹原'),
  ('034', '11', '三原'), 
  ('034', '12', '尾道'), 
  ('034', '13', '福山'), 
  ('034', '14', '府中'), 
  ('034', '15', '三次'),
  ('034', '16', '庄原'), 
  ('034', '17', '大竹'), 
  ('034', '18', '東広島'), 
  ('034', '19', '廿日市'), 
  ('034', '20', '安芸高田'),
  ('034', '21', '江田島'), 
  ('034', '22', '府中町'), 
  ('034', '23', '海田'), 
  ('034', '24', '熊野町'), 
  ('034', '25', '坂町'),
  ('035', '01', '下関'), 
  ('035', '02', '宇部'), 
  ('035', '03', '山口'), 
  ('035', '04', '萩'), 
  ('035', '05', '防府'),
  ('035', '06', '下松'), 
  ('035', '07', '岩国'), 
  ('035', '08', '光'), 
  ('035', '09', '長門'), 
  ('035', '10', '柳井'),
  ('035', '11', '美祢'), 
  ('035', '12', '周南'), 
  ('035', '13', '山陽小野田'), 
  ('035', '14', '周防大島'), 
  ('035', '15', '和木'),
  ('036', '01', '徳島'), 
  ('036', '02', '鳴門'), 
  ('036', '03', '小松島'), 
  ('036', '04', '阿南'), 
  ('036', '05', '吉野川'),
  ('036', '06', '阿波'), 
  ('036', '07', '美馬'), 
  ('036', '08', '三好'), 
  ('036', '09', '勝浦'), 
  ('036', '10', '上勝'),
  ('037', '01', '高松'), 
  ('037', '02', '丸亀'), 
  ('037', '03', '坂出'), 
  ('037', '04', '善通寺'), 
  ('037', '05', '観音寺'),
  ('037', '06', 'さぬき'), 
  ('037', '07', '東かがわ'), 
  ('037', '08', '三豊'), 
  ('037', '09', '土庄'), 
  ('037', '10', '小豆島'),
  ('038', '01', '松山'), 
  ('038', '02', '今治'), 
  ('038', '03', '宇和島'), 
  ('038', '04', '八幡浜'), 
  ('038', '05', '新居浜'),
  ('038', '06', '西条'), 
  ('038', '07', '大洲'), 
  ('038', '08', '伊予'), 
  ('038', '09', '四国中央'), 
  ('038', '10', '西予'),
  ('038', '11', '東温'), 
  ('038', '12', '上島'), 
  ('038', '13', '久万高原'), 
  ('038', '14', '松前'), 
  ('038', '15', '砥部'),
  ('039', '01', '高知'), 
  ('039', '02', '室戸'), 
  ('039', '03', '安芸'), 
  ('039', '04', '南国'), 
  ('039', '05', '土佐'),
  ('039', '06', '須崎'), 
  ('039', '07', '宿毛'), 
  ('039', '08', '土佐清水'), 
  ('039', '09', '四万十'), 
  ('039', '10', '香南'),
  ('040', '01', '福岡門司'), 
  ('040', '02', '福岡若松'), 
  ('040', '03', '福岡戸畑'), 
  ('040', '04', '福岡小倉北'), 
  ('040', '05', '福岡小倉南'),
  ('040', '06', '福岡八幡東'), 
  ('040', '07', '福岡八幡西'), 
  ('040', '08', '福岡東'), 
  ('040', '09', '福岡博多'), 
  ('040', '10', '福岡中央'),
  ('040', '11', '福岡南'), 
  ('040', '12', '福岡西'), 
  ('040', '13', '福岡城南'), 
  ('040', '14', '福岡早良'), 
  ('040', '15', '福岡西'),
  ('040', '16', '大牟田'), 
  ('040', '17', '久留米'), 
  ('040', '18', '直方'), 
  ('040', '19', '飯塚'), 
  ('040', '20', '田川'),
  ('040', '21', '柳川'), 
  ('040', '22', '八女'), 
  ('040', '23', '筑後'), 
  ('040', '24', '大川'), 
  ('040', '25', '行橋'),
  ('040', '26', '豊前'), 
  ('040', '27', '中間'), 
  ('040', '28', '小郡'), 
  ('040', '29', '筑紫野'), 
  ('040', '30', '春日'),
  ('040', '31', '大野城'), 
  ('040', '32', '宗像'), 
  ('040', '33', '太宰府'), 
  ('040', '34', '古賀'), 
  ('040', '35', '福津'),
  ('040', '36', 'うきは'), 
  ('040', '37', '宮若'), 
  ('040', '38', '嘉麻'), 
  ('040', '39', '朝倉'), 
  ('040', '40', 'みやま'),
  ('041', '01', '佐賀'), 
  ('041', '02', '唐津'), 
  ('041', '03', '鳥栖'), 
  ('041', '04', '多久'), 
  ('041', '05', '伊万里'),
  ('041', '06', '武雄'), 
  ('041', '07', '鹿島'), 
  ('041', '08', '小城'), 
  ('041', '09', '嬉野'), 
  ('041', '10', '神埼'),
  ('042', '01', '長崎'), 
  ('042', '02', '佐世保'), 
  ('042', '03', '島原'), 
  ('042', '04', '諫早'), 
  ('042', '05', '大村'),
  ('042', '06', '平戸'), 
  ('042', '07', '松浦'), 
  ('042', '08', '対馬'), 
  ('042', '09', '壱岐'), 
  ('042', '10', '五島'),
  ('042', '11', '西海'), 
  ('042', '12', '雲仙'), 
  ('042', '13', '南島原'), 
  ('042', '14', '長与'), 
  ('042', '15', '時津'),
  ('043', '01', '熊本中央'), 
  ('043', '02', '熊本東'), 
  ('043', '03', '熊本西'), 
  ('043', '04', '熊本南'), 
  ('043', '05', '熊本北'),
  ('043', '06', '八代'), 
  ('043', '07', '人吉'), 
  ('043', '08', '荒尾'), 
  ('043', '09', '水俣'), 
  ('043', '10', '玉名'),
  ('043', '11', '天草'), 
  ('043', '12', '山鹿'), 
  ('043', '13', '菊池'), 
  ('043', '14', '宇土'), 
  ('043', '15', '上天草'),
  ('043', '16', '宇城'), 
  ('043', '17', '阿蘇'), 
  ('043', '18', '合志'), 
  ('043', '19', '美里'), 
  ('043', '20', '玉東'),
  ('044', '01', '大分'), 
  ('044', '02', '別府'), 
  ('044', '03', '中津'), 
  ('044', '04', '日田'), 
  ('044', '05', '佐伯'),
  ('044', '06', '臼杵'), 
  ('044', '07', '津久見'), 
  ('044', '08', '竹田'), 
  ('044', '09', '豊後高田'), 
  ('044', '10', '杵築'),
  ('044', '11', '宇佐'), 
  ('044', '12', '豊後大野'), 
  ('044', '13', '由布'), 
  ('044', '14', '国東'), 
  ('044', '15', '姫島'),
  ('045', '01', '宮崎'), 
  ('045', '02', '都城'), 
  ('045', '03', '延岡'), 
  ('045', '04', '日南'), 
  ('045', '05', '小林'),
  ('045', '06', '日向'), 
  ('045', '07', '串間'), 
  ('045', '08', '西都'), 
  ('045', '09', 'えびの'), 
  ('045', '10', '三股'),
  ('046', '01', '鹿児島'), 
  ('046', '02', '鹿屋'), 
  ('046', '03', '枕崎'), 
  ('046', '04', '阿久根'), 
  ('046', '05', '出水'),
  ('046', '06', '指宿'), 
  ('046', '07', '西之表'), 
  ('046', '08', '垂水'), 
  ('046', '09', '薩摩川内'), 
  ('046', '10', '日置'),
  ('046', '11', '曽於'), 
  ('046', '12', '霧島'), 
  ('046', '13', 'いちき串木野'), 
  ('046', '14', '南さつま'), 
  ('046', '15', '志布志'),
  ('047', '01', '那覇'), 
  ('047', '02', '宜野湾'), 
  ('047', '03', '石垣'), 
  ('047', '04', '浦添'), 
  ('047', '05', '名護'),
  ('047', '06', '糸満'), 
  ('047', '07', '沖縄'), 
  ('047', '08', '豊見城'), 
  ('047', '09', 'うるま'), 
  ('047', '10', '宮古島'),
  ('047', '11', '南城'), 
  ('047', '12', '国頭'), 
  ('047', '13', '大宜味'), 
  ('047', '14', '東村'), 
  ('047', '15', '今帰仁'),
  ('047', '16', '本部'), 
  ('047', '17', '恩納'), 
  ('047', '18', '宜野座'), 
  ('047', '19', '金武'), 
  ('047', '20', '伊江');


INSERT INTO product_categories(product_category_code, name) VALUES
  ('C1', '水洗用品'),
  ('C2', '食器'),
  ('C3', '書籍'),
  ('C4', '日用雑誌');

INSERT INTO products(product_code, name, product_category_code) VALUES
  ('001', '石鹸', 'C1'),
  ('002', 'タオル', 'C1'),
  ('003', 'ハブラシ', 'C1'),
  ('004', 'コップ', 'C1'),
  ('005', '箸', 'C2'),
  ('006', 'スプーン', 'C2'),
  ('007', '雑誌', 'C3'),
  ('008', '爪切り', 'C4');


INSERT INTO branch_products(office_code, branch_code, product_code) VALUES
  ('001', '01', '001'),
  ('001', '01', '002'),
  ('001', '01', '003'),
  ('001', '02', '002'),
  ('001', '02', '003'),
  ('001', '02', '004'),
  ('001', '02', '005'),
  ('001', '02', '006'),
  ('002', '01', '002'),
  ('002', '01', '007'),
  ('002', '01', '008');